0,1,2,3,4,5,6,7,8,9,10,11,12,13,14,15,16,17,18,19,20,21,22,23,classe
2.477.706,1.590.145,1.170.371,220.730,564.107,1.856.299,-781.736,2.173.291,-448.675,-1.624.607,-2.308.005,-2.298.877,-239.373,448.915,4.194.590,-950.365,-517.787,-664.643,-1.914.321,-1.167.704,-807.796,1.401.756,-100.468,-823.424,1
2.889.552,1.358.663,-688.401,-829.351,-838.788,-23.847,-964.440,-1.121.919,1.716.170,-1.938.710,2.300.885,-798.210,869.365,-738.152,714.551,293.859,1.125.462,-65.817,-980.211,1.759.782,-492.726,121.591,-1.355.433,2.399.308,1
3.065.615,204.014,-1.392.642,-470.708,1.600.726,387.072,-1.624.202,-761.903,2.820.948,936.843,-2.508.051,-820.629,906.845,425.026,1.001.349,-36.665,-964.857,-1.178.213,-2.027.087,-517.353,-635.443,192.037,-94.060,-2.866.206,1
3.921.893,-3.232.523,470.830,5.990.793,2.266.921,-2.181.064,-3.422.851,1.612.982,-1.307.873,-365.418,1.326.884,1.555.937,1.786.084,2.169.129,-1.197.125,-436.868,-349.930,-5.861,-568.467,-208.431,-1.602.198,-584.125,-1.002.413,945.594,1
3.199.368,-473.906,-296.002,-1.651.854,-676.668,-876.536,-132.849,-509.985,-2.217.725,15.622,865.751,1.045.066,2.897.020,-2.164.492,1.329.878,-660.789,448.897,-1.846.428,619.414,-2.390.131,2.665.091,-2.924.414,-1.337.631,-1.672.690,1
959.835,532.278,423.171,-708.947,-285.718,548.035,28.828,662.144,372.573,-261.169,-364.565,-1.073.007,-175.963,377.468,896.772,-815.231,101.051,-364.257,-663.697,-804.068,-665.492,-351.675,-644.200,-921.669,1
2.493.808,-2.296.285,-937.088,461.899,955.254,-610.542,1.411.343,-40.254,-321.438,3.283.535,-794.620,-869.797,855.027,565.539,447.132,-1.850.767,-1.474.286,-657.275,170.474,3.120.865,-235.342,428.172,-436.154,-1.516.810,1
990.597,142.960,-832.111,-293.641,-368.870,341.721,140.978,718.545,-193.504,-476.127,-157.090,-796.613,1.071.277,1.091,1.240.022,638.481,-273.468,70.776,-432.250,1.794.269,-767.902,606.459,-995.786,1.329.875,1
1.727.557,-2.019.111,-1.153.113,-1.054.760,-1.038.602,-1.287.691,582.039,-644.847,-320.155,567.262,756.577,2.667.012,-980.143,-1.510.501,2.369.417,327.256,1.440.937,-1.612.606,-519.298,1.383.142,-1.412.978,1.119.323,2.063.716,1.409.672,1
881.892,-770.622,-333.068,-461.643,-514.181,-246.105,1.192.162,-126.335,-454.142,691.704,53.863,-1.137.987,545.023,-22.849,-1.436.400,266.304,1.326.436,-2.019.453,314.277,-1.829.395,-1.378.583,1.835.377,-1.418.256,-1.653.257,1
1.482.399,839.290,-1.057.924,-1.599.195,-1.537.719,-754.613,-821.073,-680.224,1.458.949,-569.996,1.467.907,-203.681,870.910,-662.385,35.916,-274.041,-788.363,469.693,-1.170.606,1.888.449,-568.425,-916.389,-767.288,660.876,1
1.974.079,418.223,-2.396.706,780.609,-3.563.598,4.722.197,-681.267,4.537.231,-368.925,-564.689,-3.176.649,3.589.287,538.973,804.110,-716.577,-690.668,612.729,-108.582,1.858.368,1.401.011,544.567,-553.175,-36.861,398.381,1
2.416.957,3.194.910,706.854,-37.270,2.562.729,-379.340,296.037,-691.489,-3.302.837,2.006.102,-2.727.408,104.266,-203.437,-1.716.435,-1.592.698,-1.353.740,3.997.182,3.547.169,-3.071.110,1.214.027,-418.439,-1.760.111,146.472,547.479,1
1.154.101,-1.817.614,371.600,473.354,-256.680,-769.020,-578.980,236.378,-796.788,-1.072.154,-481.062,-256.478,-1.495.771,-1.748.911,-1.233.830,639.013,-853.637,-683.939,-565.753,62.965,895.772,784.938,218.592,648.618,1
297.727,345.314,-111.522,-690.963,-703.001,-648.930,306.744,471.516,947.771,-276.405,287.381,-219.403,-511.035,117.620,-10.762,-916.093,352.735,-248.582,513.412,115.413,-51.580,-1.016.166,537.381,142.851,1
2.509.032,-2.497.627,599.630,1.535.193,-1.030.281,-836.147,945.520,-1.824.287,996.996,-85.285,-1.578.503,2.529.584,-2.797.709,797.576,2.831.888,3.899.368,1.690.532,2.463.080,-340.223,95.348,1.520.855,50.928,-2.405.511,-1.734.854,1
3.161.442,-1.957.765,-277.334,470.833,914.440,-1.131.007,-561.612,-394.296,-698.402,-2.136.896,497.615,600.604,544.049,21.299,127.541,131.684,379.412,-947.990,-434.822,-713.216,-455.709,-729.205,2.516.978,-671.371,1
1.491.938,-230.974,-744.062,-857.720,-27.359,-1.233.903,146.702,937.767,-23.950,429.260,-609.433,-930.213,-2.055.798,-87.543,611.275,-356.722,-28.194,1.306.813,2.463.511,-1.866.619,-1.996.764,-1.180.474,-1.258.918,615.675,1
2.259.468,85.929,1.699.977,-1.903.071,-1.584.542,217.013,2.476.712,-1.714.097,-1.515.338,-1.840.633,663.207,252.254,-580.740,5.500.628,-780.287,1.233.333,-1.562.106,1.147.484,-1.089.057,283.208,-651.628,-2.312.772,1.485.029,-895.556,1
2.732.119,3.767.387,1.425.903,2.979.498,-1.534.995,1.728.734,-3.084.223,-4.424.558,-1.950.380,992.593,386.976,749.697,-2.196.272,-2.357.880,480.861,-292.776,-3.302.027,-212.399,2.050.063,817.252,-1.044.703,463.622,253.787,-1.161.585,1
386.710,-712.535,-131.772,-1.171.177,-94.669,-1.014.344,584.801,1.167.645,-372.677,-46.185,-329.427,-1.558.431,-2.227.288,-235.341,344.525,-1.203.961,-839.126,837.681,2.613.890,-818.950,-3.280.205,-3.151.200,-1.757.802,485.471,1
490.642,-275.868,-682.117,-846.297,-1.497.726,-1.262.098,-71.003,-1.593.493,518.666,513.798,-182.869,1.297.650,-91.613,-628.278,895.331,-1.576.365,813.572,-1.909.789,339.661,560.768,999.527,-1.672.845,-94.734,-209.127,1
2.453.687,913.830,1.178.234,828.218,922.413,-1.653.335,-1.003.634,-93.707,1.206.336,764.357,579.597,-2.182.250,-714.659,2.698.665,1.294.758,-2.976.988,2.511.796,1.033.091,3.993.502,585.218,3.634.808,1.722.813,726.253,357.481,1
3.513.510,2.920.943,-689.883,-1.094.514,-1.778.529,413.121,93.377,-1.064.500,-2.432.835,1.121.505,1.369.357,672.133,-637.656,2.867.734,-2.193.939,-439.761,1.978.435,-3.009.036,-955.870,-1.949.006,-611.228,2.090.264,-1.869.218,840.213,1
850.414,-414.391,-118.068,-264.059,162.462,-298.086,551.417,140.033,-2.488,-137.366,-621.047,-685.854,-537.050,529.489,534.538,-500.656,345.403,-517.183,26.803,1.034.582,-26.977,-91.196,287.940,-3.230,1
1.211.637,-777.981,-1.564.316,-1.245.994,-577.399,-1.970.321,-82.796,-716.846,-337.002,134.149,-2.228.118,858.619,-526.058,-1.031.844,-482.396,1.343.367,531.098,1.058.103,1.444.484,-2.383.615,-1.488.452,3.419.514,772.187,1.403.201,1
1.240.694,367.963,3.059.338,-3.779.142,3.533.558,1.181.653,-4.006.130,556.817,1.396.879,2.372.504,-987.651,283.338,-4.837,940.308,-845.246,4.295.426,853.244,-2.393.378,1.821.244,1.069.827,-261.833,-1.397.452,505.818,933.717,1
1.761.746,1.027.162,1.368.209,775.479,-1.174.228,550.071,196.478,-632.419,-60.524,-1.447.576,-363.371,-1.027.109,-1.252.906,1.998.819,40.450,111.416,-34.573,-624.781,-237.825,976.471,784.927,347.799,629.449,618.797,1
645.677,405.500,211.951,721.104,-435.774,173.894,-383.948,-449.033,933.488,-1.070.004,123.498,-928.924,-58.929,-277.293,2.807.080,-292.302,662.333,-929.282,-1.313.968,-594.467,-250.718,-1.253.432,527.776,3.086.024,1
3.141.635,863.833,-1.916.844,12.480,-1.791.713,-94.738,-1.167.057,1.537.141,1.716.063,-783.484,2.530.051,-1.975.433,-45.482,-1.450.883,-1.871.924,1.677.763,1.677.419,1.841.507,-134.291,1.294.745,-644.418,317.554,-88.808,-2.720.973,1
1.229.819,260.869,-549.223,560.143,-1.110.249,-148.114,-1.144.062,128.771,270.121,-758.984,-417.724,-365.674,-139.931,-718.811,-776.578,313.308,821.942,557.544,406.477,-1.876.136,507.782,-1.120.717,4.723.067,-314.356,1
3.273.591,463.881,-1.177.341,-2.692.089,-296.714,-1.465.866,-192.073,-582.929,-2.544.843,-282.991,-1.175.667,-717.412,4.808.223,429.559,842.516,1.457.561,-2.864.753,2.915.074,1.597.967,193.976,878.263,1.442.146,32.917,1.084.642,1
1.763.289,-184.441,-249.903,-85.741,721.744,-256.539,-391.005,1.628.016,-1.346.775,-1.767.895,-757.121,-1.783.375,-1.339.297,-852.968,-80.266,434.580,-673.293,-470.670,-799.656,-575.545,95.832,672.931,1.149.998,40.868,1
1.938.656,-2.111.196,2.147.143,-2.039.835,1.212.682,-327.953,248.962,1.521.767,-2.349.925,-2.624.004,-448.492,-544.048,-2.986.645,-2.037.832,-2.018.406,-479.617,-1.763.981,-1.198.679,-689.143,1.376.681,3.107.859,542.670,-1.540.945,409.996,1
2.157.997,-166.432,-3.366.400,-1.118.883,2.033.817,1.830.847,860.457,2.382.121,-1.323.590,4.378.683,4.053.117,607.419,-2.658.814,523.779,1.634.937,423.796,-2.029.751,1.027.596,-1.316.532,-696.557,1.030.076,291.745,1.411.159,527.680,1
2.645.598,41.724,-361.030,1.643.946,-402.659,948.690,498.025,323.803,737.925,976.749,1.320.516,-912.363,37.507,-541.450,657.571,1.120.540,562.173,147.840,-148.371,-1.617.137,1.628.054,-1.010.396,-645.070,927.290,1
1.880.831,-805.840,-1.776.329,-460.718,-1.751.762,-1.391.689,-1.369.176,-1.308.445,4.052.678,1.847.881,-2.664.467,-43.030,-1.061.818,705.981,-2.943.128,-1.627.214,-2.571.173,554.341,-2.313.459,-1.460.636,1.634.035,-631.007,-340.358,1.825.165,1
2.602.331,-604.525,-590.539,-664.653,-891.334,130.697,-956.438,1.301.780,710.302,-942.327,1.568.810,-1.128.190,-537.580,-686.163,-1.594.727,341.409,541.520,874.180,552.930,583.675,-59.716,116.742,59.318,-1.491.730,1
1.752.098,-115.930,-4.748.760,250.021,5.658.546,3.694.374,1.957.831,-3.491.155,1.157.697,-3.511.352,-116.324,735.735,-212.792,94.069,-1.046.694,-570.085,286.202,-92.476,1.705.830,-275.400,134.428,-238.950,-502.035,341.038,1
3.840.112,-2.406.462,3.384.124,2.520.845,-1.268.482,3.564.968,4.204.492,-866.926,989.814,2.198.058,-167.327,-2.778.240,1.828.902,-1.795.654,-1.342.458,1.378.025,83.562,-218.961,618.118,-641.658,-222.874,-214.177,532.153,1.616.119,1
2.283.456,-2.281.998,4.929.316,-3.158.674,539.778,2.563.376,-803.275,-201.096,1.943.324,-462.298,1.838.372,3.287.263,681.689,-704.086,208.468,-3.599.985,60.766,2.556.263,-444.178,-1.349.602,-1.208.293,1.621.772,-116.460,-329.320,1
2.018.088,-2.130.848,-340.507,-733.103,-526.293,-1.039.302,1.852.497,-849.317,-299.872,645.904,-1.176.415,-208.725,-252.978,-16.580,-279.812,-1.394.931,990.164,-1.671.481,640.705,2.472.829,-1.366.958,231.742,1.527.301,-761.448,1
3.705.300,5.568.240,1.962.922,1.350.107,1.981.019,-3.447.082,4.329.467,2.842.800,2.836.855,-553.053,95.100,3.083.211,359.208,-1.019.366,-488.482,622.867,-1.706.015,-976.095,648.452,-32.768,-102.727,214.175,273.273,-268.798,1
-774.160,40.224,-217.312,-18.382,185.202,147.053,72.681,166.877,-168.572,488.228,349.356,162.803,-183.576,80.540,35.891,-79.301,-321.580,156.502,-275.051,-307.882,387.154,-71.554,134.691,35.749,0
-639.921,-21.615,76.168,-4.785,148,-144.745,-109.666,79.093,-10.865,-281.896,268.609,-232.591,-53.243,-45.698,-79.446,-137.340,102.325,102.683,250.143,418.752,536.028,370.296,-24.343,147.012,0
-816.132,-17.771,60.611,226.103,-15.301,7.722,54.812,-112.566,93.030,-65.339,3.223,179.053,-60.712,64.785,378.562,255.132,143.503,122.379,-282.663,-138.323,222.455,68.217,-388.551,422.521,0
-797.878,63.744,-53.665,124.370,-96.981,248.092,-13.999,294.057,-159.665,-32.103,-176.914,316.284,113.305,54.426,-225.325,-72.704,17.042,46.024,38.546,-24.368,251.672,-41.636,-230.878,4.906,0
-788.007,30.360,44.429,88.114,-11.180,-26.619,-30.148,-47.294,-82.663,-122.833,120.724,-46.550,25.270,-168.746,-186.272,54.846,32.440,53.096,-177.562,-183.362,391.152,73.032,-106.985,209.647,0
-774.207,-3.198,76.674,57.967,-54.323,101.743,80.404,-64.497,-139.643,115.160,143.917,94.089,496.751,-187.978,46.846,10.888,-3.063,-111.942,64.906,-207.300,331.293,-371.898,-189.751,-354.840,0
-826.270,49.385,-21.814,84.275,-4.329,-79.828,-69.868,-97.505,169.456,224.332,-27.397,48.352,39.003,148.068,-40.275,-280.598,-76.369,38.021,62.521,-118.831,401.490,-131.224,-17.069,3.356,0
-756.788,137.132,97.264,60.845,105.252,-127.445,-64.017,-47.520,66.768,-52.047,238.410,-170.089,50.895,159.806,-29.440,-195.438,343.354,182.472,207.531,100.956,562.518,394.950,-47.483,277.957,0
-795.282,-78.072,19.384,-49.050,28.009,-136.303,60.220,120.451,-87.756,-92.854,29.354,-69.280,-188.331,54.211,-64.913,-106.548,-208.962,201.913,449.904,-112.685,-655.300,-401.202,-301.165,85.752,0
-829.437,99.171,41.609,44.657,-15.843,-10.911,57.403,-13.183,-79.225,7.868,83.365,142.366,72.566,-62.486,-59.406,-34.866,-24.287,-9.122,11.093,-48.502,123.162,-137.310,137.945,74.465,0
-813.080,75.547,-7.856,92.023,-61.401,16.258,-74.107,-42.135,105.306,39.238,-22.438,48.162,101.437,9.066,-14.601,-104.138,-116.714,9.042,-120.860,-201.781,146.405,-247.411,94.389,195.531,0
-633.527,-97.811,5.565,-23.178,-71.898,-28.395,183.063,-120.172,-220.238,11.942,-223.437,72.106,526.116,89.857,369.684,544.962,-230.076,498.205,174.795,363.012,246.687,211.472,-378.254,357.965,0
-716.945,26.160,-48.696,-10.024,-43.678,-61.972,71.982,70.788,-184.026,109.188,100.404,47.034,-103.933,-40.040,32.336,63.947,135.656,-7.531,175.849,-196.333,-172.397,-190.826,-348.124,262.957,0
-742.095,108.364,35.820,183.209,-14.476,118.657,-28.044,79.947,47.844,-160.437,37.448,-188.947,32.995,-85.264,462.431,71.001,47.338,-72.813,-351.708,-319.110,-8.527,21.946,10.179,465.974,0
-718.882,-120.369,338.451,-212.732,-12.205,129.776,47.026,-96.612,121.974,-203.728,301.237,358.579,93.197,372.926,-279.426,-183.818,-239.541,481.731,-225.819,-106.939,-343.450,200.709,177.449,-315.734,0
-711.442,187.830,84.903,179.925,-149.805,3.958,-152.559,-343.872,-159.741,-9.848,56.128,7.213,-244.774,-129.484,3.067,-183.197,-241.126,-193.264,232.649,321.210,-62.566,13.296,247.964,-146.421,0
-720.160,201.301,-57.534,107.690,-184.809,286.850,-132.990,83.250,-191.921,115.824,-1.378,310.485,160.360,10.707,-166.982,79.550,41.820,-108.824,104.953,-6.867,201.795,-187.436,-270.835,123.848,0
-731.139,5.172,121.997,74.333,-105.243,325.560,66.967,140.468,-26.559,11.317,-142.205,33.700,226.529,-19.788,137.732,-148.241,-75.568,118.046,88.461,-44.449,-37.133,-79.073,138.775,67.971,0
-819.496,56.855,22.741,49.306,12.126,64.616,41.484,69.562,-63.257,74.500,13.843,-61.658,128.923,30.843,93.195,-45.949,-17.673,-45.666,34.463,-304.279,2.892,-346.980,-102.830,-178.973,0
-807.665,-76.013,-50.693,71.797,31.455,-54.175,129.590,-16.217,-106.409,153.069,53.556,32.542,189.615,9.611,35.761,-3.732,4.676,-107.885,-41.023,247.165,-113.447,413.761,-8.396,-271.036,0
-830.144,133.392,-7.913,123.307,-96.644,27.978,-126.040,-200.045,57.312,98.408,153.320,126.008,115.027,-70.551,-151.781,-86.804,-271.128,129.716,-32.339,234.565,24.370,-107.970,-75.865,-67.609,0
-718.501,117.552,70.074,120.490,-53.999,-195.827,224.904,17.321,131.537,-51.128,9.904,490.890,-27.212,-12.637,121.164,246.264,13.185,307.174,-48.968,-18.573,334.287,-148.596,-412.459,-32.042,0
-787.479,20.581,95.338,3.823,-42.327,50.340,64.942,-57.164,-98.788,-134.402,188.002,34.419,43.733,371.299,-152.283,99.321,-227.682,147.860,-109.014,84.141,-121.320,47.942,61.946,-53.979,0
-803.449,56.136,17.821,55.746,3.996,-17.859,4.897,-16.144,-71.244,47.949,17.125,-90.729,144.839,-45.113,-205.950,-31.507,130.844,1.919,-41.387,-446.586,112.318,3.803,419.003,-340.404,0
-770.564,44.584,89.606,4.140,-17.256,203.669,-66.871,198.917,47.657,-22.347,-20.894,81.252,81.774,59.993,79.178,-169.316,31.828,156.835,61.765,-314.333,-70.954,-16.417,58.720,-216.658,0
-776.360,10.984,13.433,43.254,139.660,-8.440,63.353,54.792,-26.844,11.683,198,-99.348,-41.697,17.445,-28.366,-10.816,-43.064,-7.700,-117.786,52.894,-24.159,-96.025,130.495,-301.898,0
-826.006,108.385,-6.534,124.385,3.043,77.142,61.528,-25.733,-122.051,112.100,111.067,111.891,88.729,141.556,-54.869,109.109,87.852,-46.995,-149.489,-205.100,233.248,228.564,-350.462,247.886,0
-728.591,52.387,20.313,-3.893,11.000,-23.595,-113.197,-14.563,93.999,71.434,-169.912,-115.753,33.680,-91.217,-127.149,-39.338,43.461,95.564,-208.319,-459.601,197.661,-360.584,746.704,-61.342,0
-796.841,3.248,-2.325,116.039,51.831,78.463,96.323,69.906,-114.439,126.100,-62.912,-80.412,228.957,69.353,154.761,20.288,-40.337,-150.680,-107.375,127.416,-87.132,251.897,-263.816,-302.170,0
-736.395,6.361,127.440,134.740,33.573,165.006,64.680,-36.119,-78.443,125.344,-66.359,-89.944,225.672,-172.786,-125.138,162.896,151.200,164.120,-89.344,-147.802,282.608,-352.623,809.732,40.038,0
-685.520,-207.682,127.208,14.532,73.416,-132.008,82.726,-11.515,-81.630,-41.106,-142.836,54.219,-489.428,-94.966,43.013,277.726,-26.685,226.862,-3.550,9.949,318.733,122.109,-501.595,-153.943,0
-742.282,-58.814,3.558,7.134,55.463,71.135,72.278,143.794,-134.510,-48.836,-168.884,-172.940,69.634,-65.169,135.523,250.313,-193.960,-21.159,-54.389,676.403,-223.589,-45.226,-398.410,663.151,0
-762.183,-50.675,-19.594,115.098,34.296,-85.368,-24.565,34.713,-73.055,-155.636,85.921,30.905,91.512,-33.155,-21.143,36.703,34.983,44.163,84.414,-390.680,-118.706,-307.326,652.615,-321.843,0
-784.494,-118.186,962,30.081,-20.895,-72.059,189.957,-102.546,-53.395,99.696,-69.321,19.896,77.313,31.590,-24.260,-200.147,41.111,-195.597,162.271,508.477,-197.498,-59.356,250.434,57.927,0
-798.983,7.085,57.722,85.916,92.219,72.501,1.688,-14.990,-33.324,30.904,67.860,24.366,129.380,51.075,22.644,71.284,-30.365,66.528,-161.145,18.915,21.662,-53.967,222.365,-142.804,0
-817.066,37.868,45.849,34.332,66.546,-25.372,50.953,-58.890,-130.314,42.127,29.168,-22.295,69.306,-30.437,-34.547,-84.785,71.311,-30.239,9.736,-9.491,152.764,-8.802,-54.026,104.717,0
-719.630,-174.171,-6.664,197.448,109.853,-225.752,-146.208,39.935,-60.658,-127.018,209.872,137.190,85.483,78.366,-5.357,45.231,50.575,-79.750,62.822,267.383,-472.447,115.671,74.760,285.092,0
-827.646,-10.498,-24.074,46.498,-15.324,-21.838,85.914,-42.825,-32.069,81.466,36.546,119,98.577,-15.972,55.236,-44.464,68.534,-90.453,57.163,318.452,-183.770,181.887,160.441,-130.288,0
-716.074,196.765,57.412,319.668,-261.065,419.969,-91.238,-101.330,-199.505,143.681,-197.732,311.993,50.322,-214.817,-145.242,-88.081,-348.442,40.572,173.298,-18.242,199.428,-215.657,10.124,68.494,0
-819.708,-24.518,7.465,55.001,20.998,-22.781,103.470,-62.993,-44.367,50.110,26.355,130.796,96.431,24.117,120.536,41.133,26.074,-62.549,-67.289,174.756,38.769,133.502,54.650,137.864,0
-715.233,148.768,155.116,140.675,-153.568,79.596,-8.005,-402.662,-307.916,-78.844,153.668,220.930,-121.374,165.907,-117.518,27.445,-475.706,-18.460,171.340,180.272,-324.231,-159.094,425.765,-260.891,0
-820.083,24.890,16.690,55.964,30.789,-51.878,-25.116,-43.048,48.871,16.480,-22.795,-670,-26.354,119.775,-162.598,-74.712,-77.169,11.769,14.022,22.748,8.223,178.578,19.647,17.147,0
-790.791,56.094,35.013,49.464,12.758,14.457,38.779,51.189,-97.410,31.414,-46.458,-53.377,10.095,-40.608,58.159,-75.624,-12.679,52.863,22.766,-365.864,86.577,-260.049,-123.067,-109.600,0
-738.867,-55.261,139.204,66.807,215.556,-15.412,-261.646,112.172,29.811,163.709,156.538,-20.529,172.345,120.951,-264.709,324.725,205.599,-114.951,185.581,-167.934,-253.058,-9.297,-197.109,-220.889,0
-677.198,226.467,-39.044,15.311,-51.097,-202.743,77.398,261.669,285.294,-177.613,278.586,-40.996,5.043,-85.182,-259.636,41.957,18.739,107.527,-19.387,159.831,-53.342,40.518,-122.171,-256.442,0
-748.846,253.043,-29.802,120.375,-186.365,133.755,-158.108,-177.571,-124.680,124.493,303.717,86.999,185.050,-112.814,-60.315,197.145,-69,-91.706,166.063,205.568,-54.888,-245.641,175.120,65.573,0
-847.614,40.710,49.797,95.732,100.001,62.280,32.037,-41.832,43.838,123.739,19.997,19.711,117.121,25.274,57.990,52.569,-36.464,110.041,-186.054,27.426,35.560,94.521,11.439,-270.617,0
-786.914,-25.570,187.122,-86.208,257.703,106.443,-170.991,35.227,29.109,164.312,-8.062,78.721,93.351,70.813,-116.628,383.241,8.288,-109.255,-37.701,234.405,-23.388,138.229,-145.410,89.330,0
-642.430,-48.178,-22.711,47.840,46.635,-69.046,-19.718,56.078,-141.672,-93.786,151.017,-96.277,309.779,-196.562,160.674,122.465,151.150,-172.958,-88.005,-193.278,196.167,-422.808,9.291,-395.673,0
-830.764,37.103,-18.514,17.255,5.285,-41.268,-5.723,-9.870,-22.825,57.616,68.257,97.198,8.197,36.980,-97.229,-102.772,46.365,-66.767,-22.670,-72.537,231.705,53.027,-113.335,-84.659,0
-709.415,-23.860,-93.300,-48.827,28.572,-160.814,28.556,-71.492,-196.180,161.131,-117.858,-193.416,443.069,29.434,-67.130,-37.555,-297.603,251.781,277.834,45.740,135.739,100.525,429.629,-96.785,0
-845.459,-21.047,23.577,156.997,8.719,-18.568,4.158,-47.152,-45.486,-14.620,-43.904,87.146,-57.628,-21.297,-107.715,32.182,-250.773,15.234,-191.317,-106.222,73.101,74.108,-163.673,266.117,0
-797.856,25.082,58.276,94.907,81.261,41.455,-6.938,80.787,-46.408,-87.148,2.574,-46.469,107.532,98.839,55.746,98.746,33.871,-37.631,-139.109,-32.020,-96.915,346.837,-24.183,-134.160,0
-842.176,29.322,8.024,69.467,67.979,-51.891,30.716,19.074,-24.720,-23.003,39.952,-108.610,72.279,45.772,-125.188,95.005,66.624,-41.639,-35.251,-118.582,32.187,190.991,-51.890,-101.284,0
-829.811,42.193,18.090,52.577,21.550,-52.419,-48.076,14.834,78.196,-53.676,216.922,-76.189,52.758,14.050,-180.523,-59.003,19.874,146.221,58.045,63.301,168.774,127.670,20.902,-248.811,0
-859.425,64.545,17.219,104.659,29.018,10.136,3.102,-34.267,-23.356,48.659,-32.507,-46.558,80.538,18.108,-61.870,7.278,-126.160,23.702,46.002,-5.729,21.229,6.995,-23.629,15.779,0
-690.638,14.605,-26.808,3.450,265.973,52.245,92.851,-5.152,-114.811,-51.506,-287.596,-108.299,-71.243,-25.663,-81.608,-68.253,2.599,43.257,-287.858,45.660,131.215,259.556,-83.530,87.006,0
-818.524,-7.499,-16.526,71.694,25.669,19.696,102.412,-18.173,-116.672,131.737,66.546,49.848,224.519,99.431,-8.347,-7.873,-81.578,-92.805,5.280,87.201,-19.390,237.712,-233.773,-84.616,0
-757.059,157.338,889,70.161,-108.646,-194.204,-155.380,-262.643,245.838,152.903,80.936,-65.149,-121.244,30.031,-70.903,-368.930,-128.064,-16.162,275.419,144.238,179.999,-139.585,78.140,130.673,0
-629.450,72.477,-49.602,45.515,-82.603,35.686,-16.399,207.315,69.737,-141.706,147.151,-481.603,-119.261,-47.564,-143.166,190.665,201.605,35.480,11.440,157.143,-83.299,81.269,55.062,-501.120,0
-821.224,4.231,17.311,45.360,27.893,-74.992,53.868,-22.166,45.301,-16.843,-7.078,123.066,-12.305,171.031,-166.248,-20.231,-155.213,55.423,-117.252,39.631,-8.383,321.199,8.310,58.503,0
-700.781,-62.156,13.623,-19.590,95.656,-110.786,86.045,-20.063,438,-9.798,-104.663,-176.586,-53.731,54.444,226.816,-74.305,66.999,-179.981,64.901,75.891,-245.618,-350.855,28.008,122.142,0
-792.811,10.668,67.513,84.144,139.925,75.224,82.440,40.509,-94.959,109.565,-127.029,-152.748,170.215,50.178,198.749,90.791,83.318,-182.400,-158.058,193.382,-152.540,43.778,25.058,-377.526,0
-765.360,-24.534,1.137,76.808,156.095,49.326,-52.021,-28.189,91.216,85.589,-109.345,-74.805,86.599,-36.889,25.651,105.135,-116.584,-10.670,-281.400,162.267,27.380,190.066,-91.146,-169.624,0
-706.896,25.297,-76.254,-65.082,154.085,-9.193,-52.739,-84.002,328.608,155.912,-209.361,-126.680,163.079,96.111,197.090,-115.423,-35.631,-319.047,-320.309,-67.413,-359.876,250.012,147.008,-848.137,0
-775.178,-67.786,16.729,24.978,23.156,-181.951,23.685,-55.913,-127.090,-63.620,-158.238,50.334,-42.173,-216.375,-254.615,106.121,-26.781,131.104,-44.994,-478.023,-28.179,463.727,469.118,-139.023,0
-689.408,-119.642,350.200,-254.717,6.542,230.885,-250.792,87.469,401.350,-154.578,682.896,273.483,169.877,-171.884,-367.076,-201.831,145.040,725.209,-61.278,160.866,-382.807,525.777,-138.317,-519.946,0
-811.072,-13.817,1.200,23.812,26.844,-68.427,95.951,-15.702,6.954,20.947,39.263,117.322,-24.003,74.564,-51.611,-94.779,79.457,-59.049,-58.601,213.316,-19.219,291.851,-65.889,-106.061,0
-852.093,19.617,-14.734,76.849,-11.364,-59.880,44.628,-43.180,-38.095,43.506,80.737,78.242,72.324,-17.482,3.571,12.726,29.802,47.552,14.122,-112.302,100.940,45.295,234.530,-27.470,0
-861.172,31.690,41.578,84.105,58.678,-15.821,558,-31.640,-31.040,4.258,39.506,64.826,98.021,79.309,-102.695,27.438,-28.805,30.052,-29.712,-30.478,124.220,161.888,-54.638,101.262,0
-837.271,-48.747,91.279,85.780,64.488,25.639,7.183,5.934,24.203,-35.610,194.574,148.777,164.591,-151.036,-66.850,197.894,-109.385,120.410,-85.952,478.205,-229.731,448.589,-298.035,516.229,0
-790.764,-26.415,-12.894,60.056,86.074,-101.286,18.613,10.491,-40.250,-19.973,63.024,-143.561,72.664,16.454,-96.101,69.736,95.118,-67.214,89.855,-313.107,-135.266,11.905,172.715,-284.175,0
-865.647,51.838,24.442,83.135,64.389,-5.469,-31.245,-61.163,89.132,81.356,57.803,17.610,70.499,71.659,-159.977,-45.173,-88.149,141.874,-133.193,-11.141,121.677,252.660,108.179,-257.315,0
-832.887,82.995,133.660,-74.170,245.588,98.396,-208.483,103.829,51.823,186.478,-123.614,-26.008,106.839,150.838,-199.736,350.099,99.244,-180.293,66.100,29.857,121.409,-66.864,-25.956,-47.815,0
-835.216,72.450,74.423,-8.867,15.412,8.916,-1.886,-49.521,41.475,-18.481,147.568,-46.376,49.910,125.759,-57.668,-107.066,-65.803,96.918,-56.346,-47.887,-27.283,185.730,120.197,-333.642,0
-736.732,136.619,25.177,241.337,-31.846,159.918,-43.937,-162.361,-13.900,238.623,161.077,-53.540,200.940,-174.624,176.494,118.331,-94.550,-77.480,-69.550,-30.638,333.489,-460.378,-378.733,32.117,0
-712.606,-42.669,128.127,292.290,129.884,-18.958,-71.315,29.532,-68.283,-69.900,67.329,34.208,165.409,254.998,-92.453,107.055,28.903,-15.727,-147.724,180.983,36.942,-6.011,-26,-153.878,0
-762.377,54.624,46.101,39.395,-16.225,-50.694,54.824,48.118,66.917,-165.521,-37.969,-94.124,-88.901,35.523,370.983,-126.783,40.418,-202.000,-180.954,-117.781,-297.699,261.835,261.531,321.979,0
-836.623,99.130,4.787,54.461,45.162,1.113,-29.154,-79.398,176.958,-11.729,123.009,-27.755,72.265,156.651,-194.096,-10.782,-12.507,104.875,-279.594,-2.592,177.791,487.873,-246.168,351.475,0
-794.234,217,63.235,51.893,-38.624,-3.718,140.088,-111.323,-70.138,126.873,-56.200,1.575,106.961,-128.865,-100.610,-102.585,86.444,-40.020,44.993,-51.416,327.691,-156.055,-4.397,-177.274,0
-671.209,258.384,53.203,60.634,86.759,-289.472,308.537,129.801,238.861,-200.123,191.330,292.125,195.728,-156.245,98.022,165.689,18.293,-172.712,-50.336,475.877,-167.175,435.973,-120.464,282.182,0
-851.914,5.168,34.532,148.254,-5.275,12.521,-16.507,-37.058,-81.090,15.447,7.644,53.930,132.431,-56.264,-125.775,38.925,-90.641,5.429,-11.639,14.382,188.352,-41.523,256.450,6.088,0
-669.566,-102.016,-91.351,42.370,-27.509,-124.291,55.081,164.177,-34.182,-114.017,122.229,-16.843,-112.239,-154.618,188.568,133.065,53.474,137.640,114.821,-115.102,-437.540,-125.025,-82.494,212.253,0
-789.243,26.754,-37.985,56.100,-117.514,-174.677,-17.575,-172.017,128.086,146.532,-35.242,102.681,18.425,88.214,-15.483,-287.706,86.104,-146.137,137.039,-136.588,470.400,-214.673,-238.452,32.899,0
-677.149,-146.288,69.360,533.008,198.861,-199.069,-314.724,175.866,19.369,-55.993,33.984,-57.753,239.444,333.947,-26.676,-203.334,-156.596,-81.199,-279.461,-197.892,-376.786,-188.573,-247.980,241.257,0
-861.941,21.358,32.223,121.117,35.161,32.447,54.364,-16.321,-5.384,25.051,31.137,60.031,111.951,9.351,77.896,-31.834,-17.954,70.757,-69.094,-51.839,31.626,-148.317,157.129,-12.348,0
-765.432,70.025,115.026,125.785,9.715,51.918,-9.532,-94.427,-32.897,-47.818,-37.848,-55.795,31.178,175.556,-52.288,148.332,-19.052,3.586,-77.989,201.366,196.386,112.997,287.165,135.404,0
-650.714,-185.993,156.630,181.234,77.323,179.345,360.226,-96.056,88.491,345.225,-3.666,-293.398,246.079,-60.122,54.279,92.420,-59.207,-45.329,-101.850,377.436,-193.015,165.489,-115.533,367.560,0
-888.222,68.698,18.117,88.343,82.736,-32.890,32.436,-63.209,-8.841,30.078,125.600,-77.632,58.982,34.830,-140.660,-124.936,67.788,175.659,20.968,9.774,119.946,442.696,289.723,-291.213,0
-793.820,56.685,-36.950,-18.936,-100.484,-148.735,677,-30.316,107.543,16.267,127.881,-32.755,-18.740,-10.849,-5.681,-128.942,118.466,-31.887,292.177,9.859,18.764,-274.787,70.711,-84.427,0
-650.660,41.711,-81.657,-32.899,-145.162,159.452,-12.359,143.359,-310.825,75.556,-28.149,310.932,610.464,-284.433,197.627,-25.015,143.813,-319.086,143.774,-321.019,651.650,-749.404,-301.481,-438.948,0
-860.475,-30.081,29.742,118.597,48.916,6.040,237,31.731,-100.265,9.843,-18.151,115.180,99.852,-74.431,-86.618,65.060,-94.986,-1.145,-85.279,-185.845,138.111,-38.833,-6.076,-206.566,0
-781.956,-162.635,14.896,-9.451,5.750,-283.664,61.043,122.481,-128.779,-58.283,-38.991,-216.163,-428.459,-68.703,-67.669,-376.078,-337.637,-157.386,594.904,178.003,-1.125.711,-814.428,-360.238,791.309,0
-830.055,36.084,55.677,104.189,137.168,2.940,83.165,-9.010,23.208,46.474,-41.671,-35.943,111.144,120.794,4.492,177.826,68.513,-75.502,-223.318,124.463,31.236,358.121,-265.373,57.149,0
-628.075,184.711,-86.103,-82.638,-239.290,30.918,-303.030,-120.964,281.155,-45.114,536.474,-150.554,122.407,-332.814,-241.142,153.325,-45.543,383.509,-122.208,594.015,-188.444,-108.914,15.237,-461.901,0
-701.139,226.451,91.836,98.743,65.555,-372.076,443.270,138.860,239.687,-81.354,-37.298,352.163,-42.534,-57.823,74.033,-52.267,-86.113,-287.834,46.389,141.424,-185.620,179.750,351.349,2.315,0
-748.833,-3.677,-36.878,-6.215,313.859,-78.180,118.866,-97.268,-162.518,-155.804,-204.212,-93.608,-95.049,-112.762,-263.054,59.666,112.028,56.647,-52.710,146.947,-33.429,446.056,1.907,3.865,0
-741.554,62.948,76.067,67.129,-49.461,305.317,-31.524,265.392,37.899,-134.672,29.665,31.396,87.090,40.046,123.054,-93.504,17.071,177.952,-243.081,-253.977,12.012,345.225,19.471,-172.356,0
-836.592,28.787,-10.978,95.235,-24.037,18.496,50.210,60.440,-48.300,21.659,84.644,-46.972,89.061,-34.003,-82.572,8.369,60.992,80.250,119.610,-338.799,-45.849,-46.640,-162.943,-227.164,0
-788.697,-47.069,26.106,218.892,116.212,-93.185,-144.513,121.274,17.118,-40.486,94.900,145.637,70.086,208.021,-333.510,-48.302,-78.090,112.587,-112.626,16.100,-12.750,231.294,-231.177,-39.965,0
-733.282,-17.896,-949,44.435,156.263,10.725,-56.270,-36.840,92.105,90.785,-162.512,-131.693,-14.692,-43.049,-23.144,121.614,-123.740,-47.243,-143.800,-25.278,-13.171,-91.224,44.063,-278.412,0
-805.516,-9.189,42.746,65.078,103.071,29.250,127.772,5.287,-51.688,132.828,-71.893,-175.550,167.948,67.374,-2.174,207.834,179.897,-233.454,-93.947,-29.408,-202.344,322.818,-212.357,-409.864,0
-739.572,1.698,-33.040,116.433,-234.943,324.372,154.027,274.703,-27.033,45.774,-295.629,122.750,141.201,-12.027,84.646,-112.378,7.342,-86.699,294.337,190.904,-142.911,-410.505,-202.006,466.765,0
-811.599,96.893,2.527,108.853,-63.885,40.727,-53.721,-71.822,-13.162,-47.686,117.096,115.799,148.016,-11.930,-95.282,28.639,35.981,111.566,-43.420,-232.076,316.160,-34.300,187.238,382.254,0
-815.649,-30.736,10.782,55.233,13.357,-42.930,21.987,11.769,-36.399,-66.612,189.126,163.417,127.009,237,61.961,47.738,63.957,65.770,24.979,144.013,2.272,128.461,171.085,-21.993,0
-783.993,83.950,77.702,-14.416,-37.972,23.270,92.276,-123.444,-139.191,-96.889,153.164,55.039,107.093,220.718,-112.627,32.155,-89.737,82.662,-158.265,-54.613,149.555,-160.325,80.172,-13.007,0
-883.986,34.381,52.401,113.186,100.530,14.858,47.952,-8.900,-218,46.216,43.836,133.203,276.890,65.643,-51.086,97.817,-18.263,29.254,-151.129,-6.588,-53.133,279.622,-11.765,-790.782,0
-834.363,51.146,-60.303,110.815,-98.995,203.848,-10.055,221.441,-53.542,-10.211,-78.406,414.155,126.573,130.069,-65.542,104.875,55.223,32.091,73.984,69.883,180.151,48.662,-355.288,201.674,0
-680.057,-49.244,89.175,276.977,-29.894,-10.263,83.350,-4.331,110.779,-101.754,-11.757,-136.371,-200.912,-119.518,361.181,350.502,192.776,-2.311,-258.964,-400.110,281.915,147.961,-397.554,143.545,0
-816.192,214.995,108.363,235.238,-57.364,134.360,-166.327,-303.151,-147.054,67.844,87.056,140.239,-57.335,-87.986,-4.940,-50.016,-398.848,50.309,102.361,-6.469,-74.546,138.669,74.711,45.348,0
-760.795,113.142,-4.254,92.634,10.815,81.639,-17.687,54.036,-121.064,94.034,98.373,-19.086,65.230,64.810,67.773,12.384,54.454,-96.682,-24.081,-284.544,64.664,-80.662,-226.761,19.397,0
-813.405,15.772,52.572,61.728,74.729,40.077,118.275,17.314,-23.567,16.879,-43.467,-62.406,38.757,53.264,-39.033,110.602,-14.568,-2.330,-134.092,-35.543,-28.750,214.501,-205.989,-82.993,0
-742.192,-25.399,-7.809,168.932,-90.918,-22.435,57.735,45.517,143.533,-57.653,99.272,64.270,-142.978,-32.820,190.270,502.191,289.715,186.123,-109.709,-98.048,170.619,-14.811,-465.046,-148.503,0
-793.339,45.478,-15.784,54.193,-10.464,-74.626,-9.177,-16.972,-91.534,48.806,88.871,-23.409,-10.376,-142.480,-49.098,-109.360,189.864,129.561,101.826,-310.771,157.274,-79.599,697.467,-171.511,0
-854.081,24.811,23.298,139.947,58.622,-21.522,20.524,18.990,-12.080,30.824,10.289,22.015,114.667,99.521,-111.878,157.347,45.271,-89.123,-113.257,-102.061,43.248,228.022,-403.716,-35.636,0